{"cameraMode":{"drawMode":0,"name":"Shaded","section":"Shading Mode"},"sceneLighting":true,"audioPlay":false,"sceneViewState":{"m_AlwaysRefresh":false,"showFog":true,"showSkybox":true,"showFlares":true,"showImageEffects":true,"showParticleSystems":true,"showVisualEffectGraphs":true,"m_FxEnabled":true},"in2DMode":false,"pivot":{"x":0.1748979091644287,"y":1.0809434652328492,"z":1.5158461332321168},"rotation":{"x":0.05882027745246887,"y":-0.684419572353363,"z":0.05555940419435501,"w":0.7245867252349854},"size":2.039588451385498,"orthographic":true}